Date,Condition,Dish,Cell,L,F,LbyF,mito_area,date_id,cell_id_nested
2025-05-27,Control,1,1,133.762,642.714,0.20812056373441373,1.72,1,1
2025-05-27,Control,1,1,157,819.048,0.19168595735536867,2.52,1,1
2025-05-27,Control,1,1,70.619,428.333,0.16486938900341555,1.96,1,1
2025-05-27,Control,1,1,110.762,707.952,0.15645410988315592,1.36,1,1
2025-05-27,Control,1,1,118.857,595.381,0.19963183238967988,2.52,1,1
2025-05-27,Control,1,1,134.619,707.095,0.19038318754905634,1.2,1,1
2025-05-27,Control,1,1,154.238,856.524,0.1800743470118759,1.84,1,1
2025-05-27,Control,1,2,141.381,826.857,0.1709860350701512,2.08,1,2
2025-05-27,Control,1,2,136.048,690.238,0.1971030282308421,1.16,1,2
2025-05-27,Control,1,2,85.619,480.19,0.1783023386576147,1.16,1,2
2025-05-27,Control,1,2,97.238,485.524,0.200274342771933,0.96,1,2
2025-05-27,Control,1,2,97.571,553.81,0.17618136183889782,1.2,1,2
2025-05-27,Control,1,2,104.905,537.286,0.19524982969963858,2.4,1,2
2025-05-27,Control,2,1,241.857,1767.095,0.1368670048865511,1.28,1,3
2025-05-27,Control,2,1,229.238,1721.238,0.13318204687556282,1.76,1,3
2025-05-27,Control,2,1,140.333,1140.048,0.12309393990428473,1.72,1,3
2025-05-27,Control,2,1,92.381,659.238,0.14013300204175122,0.32,1,3
2025-05-27,Control,2,1,154.714,821.333,0.18836939463043614,2.24,1,3
2025-05-27,Control,3,1,274.19,1629.095,0.16830817110113283,0.6,1,4
2025-05-27,Control,3,1,351.571,1912,0.18387604602510463,1.32,1,4
2025-05-27,Control,3,1,120.381,880.571,0.13670788613297508,1.2,1,4
2025-05-27,Control,3,2,219.857,1426.619,0.15411052285158128,1.36,1,5
2025-05-27,Control,3,2,187.333,858.381,0.21823991910352164,3.44,1,5
2025-05-27,Control,3,2,179.476,1184.524,0.15151740277107092,1.24,1,5
2025-05-27,Control,3,2,162.667,914.429,0.17788915268435276,1.32,1,5
2025-05-27,Control,3,2,161.905,895.714,0.18075524107025231,1,1,5
2025-05-27,TTX,1,2,433.381,2719.74321227672,0.21022652360979158,4.72,1,1
2025-05-27,TTX,1,2,301.714,1775.2902304127392,0.2242186030022731,0.36,1,1
2025-05-27,TTX,1,2,233,1593.5274287663183,0.19290430540259748,2.8000000000000003,1,1
2025-05-27,TTX,2,1,190.857,913.5362731414247,0.27563085971121193,3.08,1,2
2025-05-27,TTX,2,1,191,972.4590686985943,0.25912396440592256,1.6400000000000001,1,2
2025-05-27,TTX,2,1,201.095,989.6460372476795,0.2680815497180761,1.4000000000000001,1,2
2025-05-27,TTX,2,1,190.476,776.2538627238895,0.3237293169393753,2.36,1,2
2025-05-27,TTX,2,1,98.048,559.9499131339132,0.23101229814871657,0.92,1,2
2025-05-27,TTX,2,1,111.381,450.39797995066766,0.3262572878590403,1.96,1,2
2025-05-27,TTX,2,1,185.238,1369.2619365795301,0.1784798082158961,1.76,1,2
2025-05-27,TTX,2,1,130.762,595.8633431878693,0.28952123883619463,1.84,1,2
2025-05-27,TTX,2,1,129.667,392.41041194940965,0.43594779343186735,1.92,1,2
2025-05-27,TTX,2,2,135.429,709.7535329251713,0.25173850665918784,2.04,1,3
2025-05-27,TTX,2,2,182,1059.8803582005803,0.22654792411200037,3.08,1,3
2025-05-27,TTX,2,2,172.238,703.9334423275309,0.32280698140360137,3.56,1,3
2025-05-27,TTX,2,2,167.095,801.0195186927672,0.27521106994370087,3.56,1,3
2025-05-27,TTX,2,2,241.048,1417.6400702732515,0.2243277989057071,2.44,1,3
2025-05-27,TTX,2,2,110.524,707.4471764371029,0.2061142979951286,3.16,1,3
2025-05-27,TTX,2,2,99.429,633.5895694414469,0.20703825349480115,1.04,1,3
2025-05-27,TTX,2,2,89.286,587.955999968527,0.20034757188151187,1.36,1,3
2025-05-27,TTX,2,2,149.333,946.319977441072,0.20819165823524838,2.7600000000000002,1,3
2025-05-27,TTX,2,3,312.381,1770.0732520367287,0.23282998722671544,0.24,1,4
2025-05-27,TTX,2,3,148.429,954.5017770824944,0.20515757789834432,0,1,4
2025-05-27,TTX,2,3,249.571,1500.8338083326082,0.21938506445775402,2.64,1,4
2025-05-27,TTX,2,3,200.667,1506.6550521084926,0.17571452735134235,0,1,4
2025-05-27,TTX,2,3,166.143,1235.2730032269565,0.1774453573300369,1.36,1,4
2025-05-27,TTX,2,3,177.238,1167.0163829625744,0.2003666470512121,2.24,1,4
2025-05-27,TTX,2,3,237.667,1474.7500696307993,0.21261602858746675,1.04,1,4
2025-05-27,TTXinTTX,3,1,175.952,739.9010717589565,0.3137372562784605,3.2800000000000002,1,1
2025-05-27,TTXinTTX,3,1,140.429,637.7629215066065,0.2904979551307987,2.56,1,1
2025-05-27,TTXinTTX,3,1,222.476,974.2707117199719,0.3012652661527465,2.8000000000000003,1,1
2025-05-27,TTXinTTX,3,1,215.81,987.8343942263019,0.288225873720284,0,1,1
2025-05-27,TTXinTTX,3,1,93.571,483.23703680602847,0.25546217248253367,1.04,1,1
2025-05-27,TTXinTTX,3,1,144.571,737.4851633377049,0.25862674879044245,1.08,1,1
2025-05-27,TTXinTTX,3,2,220.381,805.02796626903,0.36116755112819937,1.48,1,2
2025-05-27,TTXinTTX,3,2,229.476,751.8722151102752,0.4026602676632848,0.64,1,2
2025-05-27,TTXinTTX,3,2,245.619,583.1241831260237,0.5557077442201963,3,1,2
2025-05-27,TTXinTTX,3,2,314,1966.1689060782503,0.21069506684889228,1.32,1,2
2025-05-27,TTXinTTX,3,2,133.286,856.2071699175103,0.20537672173287677,1.2,1,2
2025-05-27,TTXinTTX,3,3,154.286,698.9355678178869,0.2912292025122986,1.4000000000000001,1,3
2025-05-27,TTXinTTX,3,3,215.429,947.5827076182894,0.29993875309206475,1.72,1,3
2025-05-27,TTXinTTX,3,3,126.381,637.8724734397898,0.26139270870320375,0.24,1,3
2025-05-27,TTXinTTX,3,3,173.333,949.1210473958309,0.24093793973069377,1.96,1,3
2025-05-27,TTXinTTX,3,3,229.286,967.7356506110305,0.3125837092503564,2.12,1,3
2025-05-27,TTXinTTX,3,3,246.143,839.2946577905051,0.3869176787239594,4.36,1,3
2025-05-27,TTXinTTX,3,3,338.762,1084.9758231472517,0.4119269159199372,4.5600000000000005,1,3
2025-05-27,TTXinTTX,3,3,96.238,594.4910610774685,0.2135732237280563,1.12,1,3
2025-05-27,TTXinTTX,3,4,583.619,573.95295655122,1.3415246826572536,2.8000000000000003,1,4
2025-05-27,TTXinTTX,3,4,592.619,805.4131278025374,0.9707388482442251,2.52,1,4
2025-05-27,TTXinTTX,3,4,407.286,664.9444858967358,0.8080898203247542,2.7600000000000002,1,4
2025-05-27,TTXinTTX,3,4,719.857,1144.2272745039713,0.8300026507855129,1.24,1,4
2025-05-27,TTXinTTX,3,4,653.238,895.6354872592824,0.9622450602980125,3.64,1,4
2025-05-27,TTXinTTX,3,4,334.476,541.1704054298169,0.8154108108343794,1.48,1,4
2025-05-27,TTXinTTX,3,4,346.762,479.6667969624987,0.9537562234946739,2.88,1,4
2025-05-27,TTXinTTX,3,4,299.857,576.4242175281854,0.6863055577556623,0,1,4
2025-05-27,TTXinTTX,3,4,572.095,1207.3776215037701,0.6251303336451236,1.56,1,4
2025-05-27,TTXinTTX,3,4,249.571,735.83727162698,0.4474637728711554,1.8,1,4
2025-05-27,TTXinTTX,3,4,311.571,609.5365776273824,0.6743770757596518,1.48,1,4
2025-05-27,TTXinTTX,3,4,453.381,1020.5073934145217,0.586128316965844,2.08,1,4
2025-05-27,TTXinTTX,3,4,239.238,919.4670688504923,0.3432729060216518,2.92,1,4
2025-05-27,TTXinTTX,3,4,90.143,548.4734832492852,0.21683127052604237,1.32,1,4
2025-05-27,TTXinTTX,3,4,509.381,1157.1324922329575,0.5807713657460202,1.76,1,4
2025-05-27,TTXinTTX,3,4,445.524,942.2561773090956,0.6238032795520386,1.2,1,4
2025-05-27,TTXinTTX,3,4,118.286,430.30038951364014,0.36266625650626294,1.52,1,4
2025-05-27,TTXinTTX,3,4,225.857,541.6097663407938,0.5501645602243262,1.68,1,4
2025-05-27,TTXinTTX,3,5,340.238,1375.741645132758,0.3262807678642385,2.6,1,5
2025-05-27,TTXinTTX,3,5,196.286,1216.9328564338373,0.21279834736687114,1.2,1,5
2025-05-27,TTXinTTX,3,5,224.143,888.0567998394898,0.3329890705793586,2.68,1,5
2025-05-27,TTXinTTX,3,5,310.714,1066.524971242705,0.38435747927714364,3.3200000000000003,1,5
2025-05-27,TTXinTTX,3,5,120.333,711.7854329911596,0.2230391962170618,1.4000000000000001,1,5
2025-05-27,TTXinTTX,3,5,169.571,963.5080991684013,0.2321890606571412,0.52,1,5
2025-05-27,TTXinTTX,3,5,144.333,1009.9096853518479,0.1885509150028702,0.64,1,5
2025-05-27,TTXinTTX,3,5,218.667,1257.6781033302962,0.22938197611243968,1.6,1,5
2025-05-27,TTXinTTX,3,5,172.952,872.5165698228853,0.2615155081452686,0.64,1,5
2025-05-27,TTXinTTX,3,5,152.762,904.5311042337618,0.22281138228524053,2.52,1,5
2025-05-27,TTXinTTX,3,5,198.857,1400.6722055905325,0.1873052348909389,2.16,1,5
2025-05-27,TTXinTTX,3,5,138.238,1093.8714401217312,0.16672729388932075,0.52,1,5
2025-05-27,TTXinTTX,3,5,306.476,1749.7012051776212,0.23108838779993993,1.04,1,5
2025-05-27,TTXinTTX,3,5,139.429,745.2829546238639,0.2468183626076635,1.32,1,5
2025-05-27,TTXinTTX,3,5,98.857,606.1877480067071,0.21515221196279008,1.32,1,5
2025-05-27,TTXinTTX,3,5,116.143,482.9625803839484,0.31726714422359925,2.2800000000000002,1,5
2025-05-27,TTXinTTX,3,5,227.571,795.5280838946766,0.37740438772955287,0.24,1,5
2025-05-27,TTXinTTX,3,5,143.81,568.9008826641065,0.33350167661609015,1.96,1,5
2025-05-27,TTXinTTX,3,5,178.476,725.5140199863863,0.3245484636679793,1.16,1,5
2025-06-04,Control,1,1,141,969.143,0.14548936534649684,1.84,2,1
2025-06-04,Control,1,1,146.143,1158.238,0.1261770033447357,2.16,2,1
2025-06-04,Control,1,1,205.81,1698.857,0.12114615885857374,0,2,1
2025-06-04,Control,1,1,190.19,1589.286,0.11967009084582636,0.92,2,1
2025-06-04,Control,1,1,197.714,1709.143,0.11568019761950872,0.2,2,1
2025-06-04,Control,1,1,279,2590,0.10772200772200773,0.96,2,1
2025-06-04,Control,1,1,264.571,2177.333,0.12151150053758429,0.32,2,1
2025-06-04,Control,1,1,234.333,1639,0.14297315436241612,3.44,2,1
2025-06-04,Control,1,1,199.238,1489.857,0.13372961297627894,2.16,2,1
2025-06-04,Control,1,1,182.762,1227.381,0.14890404853912517,2.84,2,1
2025-06-04,Control,1,1,173.714,1231.095,0.14110527619720656,1.4000000000000001,2,1
2025-06-04,Control,1,1,161.381,1294.048,0.12471021167684661,0.36,2,1
2025-06-04,Control,1,2,403.143,2949.667,0.13667407202236725,1.92,2,2
2025-06-04,Control,1,2,265.286,1904.333,0.1393065183452684,1.8,2,2
2025-06-04,Control,1,2,299.857,1861.571,0.16107739108527155,2.32,2,2
2025-06-04,Control,1,2,330.952,3000.429,0.11030156021022326,3.04,2,2
2025-06-04,Control,1,2,262.571,2642.524,0.0993637143882137,2,2,2
2025-06-04,Control,1,2,312.286,2473.857,0.12623445898449265,0.72,2,2
2025-06-04,Control,1,2,164.905,1601.619,0.10296144089199742,1.16,2,2
2025-06-04,Control,1,2,240.952,1981.476,0.12160228032032686,1.84,2,2
2025-06-04,Control,1,2,256.619,2090.048,0.12278139066662587,1.12,2,2
2025-06-04,Control,1,3,157.714,1129.429,0.13964047319486217,1.12,2,3
2025-06-04,Control,1,3,113.571,842.19,0.13485199301820253,0.04,2,3
2025-06-04,Control,1,3,112.381,983.952,0.11421390474332081,0,2,3
2025-06-04,Control,1,3,88.476,720.571,0.12278595724779376,0.72,2,3
2025-06-04,Control,1,4,210.381,2363,0.08903131612357174,0.36,2,4
2025-06-04,Control,1,4,169.762,1749.524,0.09703325018690799,1.8,2,4
2025-06-04,Control,1,4,272.857,2635.524,0.10353045542366529,0.52,2,4
2025-06-04,Control,1,4,357.333,4015.19,0.08899529038476386,1.2,2,4
2025-06-04,Control,1,4,375.095,3586.762,0.10457761066945619,1.12,2,4
2025-06-04,Control,1,4,795.476,1225.571,0.6490656192093318,0,2,4
2025-06-04,Control,1,4,270.476,3784.762,0.07146446725051668,2.8000000000000003,2,4
2025-06-04,Control,1,4,235.619,3324.571,0.07087200122963233,2.16,2,4
2025-06-04,Control,1,4,438.476,5689.238,0.07707112973653062,1.28,2,4
2025-06-04,Control,1,4,366.286,3907.143,0.09374778450647954,1.84,2,4
2025-06-04,Control,1,4,409.762,4061.81,0.10088162666397493,2.68,2,4
2025-06-04,Control,1,4,287.81,3018.238,0.09535695992164965,2.72,2,4
2025-06-04,Control,1,5,296.476,2070.286,0.14320533491507936,0.16,2,5
2025-06-04,Control,1,5,217.048,1761.714,0.12320274459986127,0.16,2,5
2025-06-04,Control,1,5,243.857,2608.381,0.093489793093877,0,2,5
2025-06-04,Control,1,5,136.905,1051.524,0.1301967430129983,1.24,2,5
2025-06-04,Control,1,5,114.667,1064.571,0.10771193278794934,0,2,5
2025-06-04,Control,1,5,275.429,2752.143,0.1000780119346996,0.04,2,5
2025-06-04,Control,1,5,162.286,1533.095,0.1058551492242816,0.2,2,5
2025-06-04,Control,1,5,169.19,1445.381,0.11705564138452075,2,2,5
2025-06-04,Control,1,5,247.952,1908.619,0.1299117319905125,0,2,5
2025-06-04,Control,1,5,254.81,1479.238,0.17225760830914294,0.24,2,5
2025-06-04,Control,1,5,249.619,1564.81,0.15952032515129633,1.36,2,5
2025-06-04,Control,1,5,271.476,2357.19,0.11516933297697682,1.4000000000000001,2,5
2025-06-04,Control,1,5,213.19,1824,0.11688048245614036,0.24,2,5
2025-06-04,Control,1,5,244.048,2514.095,0.09707190857942918,0.96,2,5
2025-06-04,Control,1,5,164.048,1707.381,0.09608165957100377,0.56,2,5
2025-06-04,Control,1,5,191.048,1954.095,0.0977680204903037,0.28,2,5
2025-06-04,Control,1,5,233.571,2513.857,0.09291339960864918,1.04,2,5
2025-06-04,Control,1,5,375.381,3056,0.12283409685863873,0,2,5
2025-06-04,Control,2,1,118.333,482.524,0.24523754258855518,0.84,2,6
2025-06-04,Control,2,1,126.143,904,0.1395387168141593,1.24,2,6
2025-06-04,Control,2,1,95.571,675.81,0.14141696630709816,1.76,2,6
2025-06-04,Control,2,1,116.048,628.667,0.1845937515409589,1.6400000000000001,2,6
2025-06-04,Control,2,1,78.714,637,0.12356985871271585,0.36,2,6
2025-06-04,Control,2,1,114.143,556.714,0.20502987171150713,1.4000000000000001,2,6
2025-06-04,Control,2,2,165.905,1610.952,0.1029856879658736,0.36,2,7
2025-06-04,Control,2,2,264,2518.476,0.10482529910946144,1.28,2,7
2025-06-04,Control,2,2,205.524,2261.857,0.09086516079486899,2.2800000000000002,2,7
2025-06-04,Control,2,2,187.667,1750.429,0.10721200345743814,1.24,2,7
2025-06-04,Control,2,2,114.048,1214.857,0.09387771564883769,1.32,2,7
2025-06-04,Control,2,2,151.619,1702.714,0.0890454885553299,0.08,2,7
2025-06-04,Control,2,2,117.81,1235.857,0.0953265628628555,1.16,2,7
2025-06-04,Control,2,2,106.952,1119.095,0.09557008118166911,1.36,2,7
2025-06-04,Control,2,2,166.429,1779.714,0.09351446355987536,1,2,7
2025-06-04,Control,2,2,114.857,1228.667,0.0934809838629995,1.96,2,7
2025-06-04,Control,2,2,140.429,1162.952,0.12075218925630636,1.84,2,7
2025-06-04,Control,2,2,238.524,2269.905,0.1050810496474522,1.28,2,7
2025-06-04,Control,2,3,341.762,3780.286,0.09040638724160023,1.36,2,8
2025-06-04,Control,2,3,319.381,2773.524,0.11515350146600498,1.56,2,8
2025-06-04,Control,2,3,271.429,3155.571,0.08601581140148644,1.36,2,8
2025-06-04,Control,2,3,291.619,1794.19,0.16253518300737382,1.8800000000000001,2,8
2025-06-04,Control,2,3,235.429,1955.095,0.12041818939744615,0,2,8
2025-06-04,Control,2,4,331.429,1367.095,0.242433042326978,4.48,2,9
2025-06-04,Control,2,4,259.905,1097.524,0.23681031120959542,4.36,2,9
2025-06-04,Control,2,4,144.238,965.429,0.14940301151094487,3.92,2,9
2025-06-04,Control,2,4,159.333,955.667,0.16672439249236395,0,2,9
2025-06-04,Control,3,1,226.619,1338.571,0.169299200415966,0,2,10
2025-06-04,Control,3,1,178.81,1262.381,0.14164503426461583,2.04,2,10
2025-06-04,Control,3,1,137.667,1071.238,0.12851205801138496,0,2,10
2025-06-04,Control,3,1,315.857,1332.286,0.23707897553528298,2.04,2,10
2025-06-04,Control,3,1,191.476,881.571,0.217198614745721,0.96,2,10
2025-06-04,Control,3,1,219.238,945.81,0.23179919857053743,1,2,10
2025-06-04,Control,3,1,165.381,1220.429,0.13551054588181696,0.76,2,10
2025-06-04,Control,3,1,132.524,881.619,0.15031890192929145,0.92,2,10
2025-06-04,Control,3,1,243.429,1191.19,0.20435782704690267,1.2,2,10
2025-06-04,Control,3,1,155.952,1138.333,0.13700033294299646,1.24,2,10
2025-06-04,Control,3,1,115.238,343.524,0.3354583668098881,0.6,2,10
2025-06-04,Control,3,1,236.571,914.333,0.25873614973975567,1.24,2,10
2025-06-04,Control,3,1,218.619,805.857,0.2712875857627346,1.24,2,10
2025-06-04,Control,3,1,141.667,994.762,0.14241295907965926,2.16,2,10
2025-06-04,Control,3,1,134.286,671.143,0.200085525737436,0,2,10
2025-06-04,Control,3,2,148.381,894.143,0.16594772871900804,1.04,2,11
2025-06-04,Control,3,2,90.524,480.905,0.1882367619384286,2.16,2,11
2025-06-04,Control,3,2,176.238,821.571,0.21451341393500986,0.88,2,11
2025-06-04,Control,3,2,231.476,1118.81,0.2068948257523619,1.04,2,11
2025-06-04,Control,3,2,203.952,947.333,0.2152907161473315,1.36,2,11
2025-06-04,Control,3,2,99.381,421.476,0.23579278535432624,1,2,11
2025-06-04,Control,3,2,102.905,511.048,0.2013607332383651,0.88,2,11
2025-06-04,Control,3,2,131.571,564.857,0.23292798000201823,1,2,11
2025-06-04,Control,3,2,94.333,619.524,0.1522669016858104,1.04,2,11
2025-06-04,Control,3,2,118.476,666,0.1778918918918919,0.08,2,11
2025-06-04,Control,3,2,117.333,578.714,0.20274781671084505,1.32,2,11
2025-06-04,Control,3,2,117.81,588.429,0.20021107049448617,0.96,2,11
2025-06-04,Control,3,3,163.952,765.762,0.2141030764127758,1.28,2,12
2025-06-04,Control,3,3,101.429,521.905,0.194343798200822,1.6400000000000001,2,12
2025-06-04,Control,3,3,106.952,540.571,0.1978500511496177,1.16,2,12
2025-06-04,Control,3,3,107.429,478.619,0.2244561958468009,0,2,12
2025-06-04,Control,3,3,187.381,957.333,0.19573231049175158,0.8,2,12
2025-06-04,Control,3,4,179.333,984.286,0.1821960283901224,1.76,2,13
2025-06-04,Control,3,4,222.19,1289.714,0.17227850515695728,1.16,2,13
2025-06-04,Control,3,4,297.095,1160.429,0.2560216954247093,2.4,2,13
2025-06-04,Control,3,4,260.905,966.095,0.2700614328818594,2.12,2,13
2025-06-04,Control,3,4,336.524,986.524,0.34112094586649694,0.52,2,13
2025-06-04,Control,3,4,147.524,646.619,0.22814671390726224,1.44,2,13
2025-06-04,Control,3,4,171.619,785.333,0.2185302285781955,1.16,2,13
2025-06-04,Control,3,4,305.333,845.048,0.3613203036987248,1.32,2,13
2025-06-04,Control,3,4,322,909.381,0.3540870108348426,0.56,2,13
2025-06-04,Control,3,4,209.19,771.571,0.27112216503730696,2.4,2,13
2025-06-04,Control,3,4,76.286,443,0.17220316027088037,0.96,2,13
2025-06-04,Control,4,1,97.429,627.81,0.15518867173189344,1.44,2,14
2025-06-04,Control,4,1,293.571,1318.857,0.22259501977849003,1.92,2,14
2025-06-04,Control,4,1,189.762,940.714,0.20172124577714373,1.28,2,14
2025-06-04,Control,4,1,144.619,817.81,0.1768369181105636,1.04,2,14
2025-06-04,Control,4,1,186.619,907.857,0.20555990646103958,1.8,2,14
2025-06-04,Control,4,1,214.143,1250.905,0.17119045810832959,1.24,2,14
2025-06-04,Control,4,1,149.571,889.762,0.16810225655849542,1.28,2,14
2025-06-04,Control,4,1,140.524,601.905,0.2334654139772888,1.96,2,14
2025-06-04,Control,4,1,95.571,587.952,0.1625489835904972,1.24,2,14
2025-06-04,Control,4,1,110.286,528.905,0.208517597678222,1,2,14
2025-06-04,Control,4,1,88.857,429.81,0.20673553430585606,1.24,2,14
2025-06-04,Control,4,1,75.952,391.19,0.19415629233876122,1.24,2,14
2025-06-04,Control,4,1,75.095,426.571,0.17604337847626772,1.24,2,14
2025-06-04,Control,4,1,102.667,467,0.2198436830835118,0,2,14
2025-06-04,Control,5,2,180.905,892.048,0.20279738310046097,1.44,2,15
2025-06-04,Control,5,2,137.524,876.857,0.15683743187315607,2.4,2,15
2025-06-04,Control,5,2,150.857,747.286,0.20187317840826674,1.96,2,15
2025-06-04,Control,5,2,156.286,513.476,0.3043686559839214,2.2800000000000002,2,15
2025-06-04,Control,5,2,113.333,508,0.2230964566929134,1.2,2,15
2025-06-04,Control,5,2,104.619,384.048,0.27241126109236347,2.36,2,15
2025-06-04,Control,5,2,168.095,615.952,0.2729027586565187,0.44,2,15
2025-06-04,Control,5,2,131.905,652.81,0.20205726015226486,1.24,2,15
2025-06-04,Control,5,2,183.095,608.048,0.3011193195274057,2.2800000000000002,2,15
2025-06-04,Control,5,2,178.048,977.571,0.1821330624578675,1.6400000000000001,2,15
2025-06-04,Control,5,2,145,646.286,0.2243588751729111,3.12,2,15
2025-06-04,Control,5,2,198.048,1105.667,0.17912083837177017,1.44,2,15
2025-06-04,Control,5,2,98.667,410.857,0.2401492490087792,2.68,2,15
2025-06-04,Control,5,3,139.905,800.19,0.17483972556517827,0.36,2,16
2025-06-04,Control,5,3,220.857,1467.524,0.15049634622670569,2.48,2,16
2025-06-04,Control,5,3,146.857,792.81,0.18523605908099042,1.48,2,16
2025-06-04,Control,5,3,204.714,997.857,0.20515364425964844,1.8800000000000001,2,16
2025-06-04,Control,5,3,218.429,1270.524,0.17192040449452353,0,2,16
2025-06-04,Control,5,3,110.857,645.238,0.17180792203806966,1.12,2,16
2025-06-04,Control,5,3,126.762,508.048,0.24950792051144774,1.2,2,16
2025-06-04,Control,5,3,172,1081.714,0.15900690940488893,0.36,2,16
2025-06-04,Control,5,3,252.333,1300.571,0.1940170894168792,0.76,2,16
2025-06-04,Control,5,3,169.048,748.286,0.22591362126245848,1.24,2,16
2025-06-04,Control,5,3,194.19,941.714,0.2062091038255776,1.36,2,16
2025-06-04,Control,5,3,247.952,1408.81,0.17600102213925228,1.12,2,16
2025-06-04,Control,5,3,181.714,1235,0.14713684210526315,1.6400000000000001,2,16
2025-06-04,Control,5,3,169.238,939.571,0.18012263043452809,1.16,2,16
2025-06-04,Control,5,3,118.476,624.19,0.18980759063746613,0.44,2,16
2025-06-04,TTX,1,1,99.095,687.8431462885222,0.19006750359538235,0,2,1
2025-06-04,TTX,1,1,83.143,548.4181306935716,0.20001355529642262,1,2,1
2025-06-04,TTX,1,1,87.143,473.4615448313509,0.24282496736876483,0.88,2,1
2025-06-04,TTX,1,1,62.714,414.1558940971619,0.19977732704599843,1.56,2,1
2025-06-04,TTX,1,1,67.476,396.034851170409,0.22478196676219353,1.92,2,1
2025-06-04,TTX,1,1,61.714,445.5661631081644,0.18273302200252986,0,2,1
2025-06-04,TTX,1,1,71.381,402.95392063461395,0.23370757281030466,0,2,1
2025-06-04,TTX,1,1,89.857,630.8980514198712,0.18790497202414602,1.4000000000000001,2,1
2025-06-04,TTX,1,1,63.619,290.16155658563235,0.28926274877841107,1.2,2,1
2025-06-04,TTX,1,1,108.048,523.2684663694305,0.2724191989491976,2.36,2,1
2025-06-04,TTX,1,1,59.81,278.6851267010044,0.283142820594607,1.16,2,1
2025-06-04,TTX,1,1,93.81,390.21360739452456,0.31717012179752707,1.2,2,1
2025-06-04,TTX,1,1,77.429,631.2278603976649,0.16183149056164056,0.92,2,1
2025-06-04,TTX,1,2,47.238,262.92463963978946,0.23703133217555863,0,2,2
2025-06-04,TTX,1,2,96.333,530.6268967446125,0.23951425614322075,0.68,2,2
2025-06-04,TTX,1,2,103.238,431.8375761129377,0.31540218369036527,0,2,2
2025-06-04,TTX,1,2,121.857,601.9590433858338,0.2670724445268951,0,2,2
2025-06-04,TTX,1,2,164.048,791.024922851723,0.27360644032992343,0,2,2
2025-06-04,TTX,1,2,94.333,638.9702991281104,0.19477289414029536,0,2,2
2025-06-04,TTX,1,2,121.619,695.531385641498,0.23069078075070742,0,2,2
2025-06-04,TTX,1,2,76,577.0838354837729,0.17374816459884715,2.48,2,2
2025-06-04,TTX,1,2,101.333,508.5516056190665,0.262882340882353,0,2,2
2025-06-04,TTX,1,2,149.714,1102.1085923188675,0.17921880138980315,0.92,2,2
2025-06-04,TTX,1,3,132.048,587.351734568653,0.2966054419872708,1.92,2,3
2025-06-04,TTX,1,3,113.81,561.323348422558,0.26749326948775715,1.6,2,3
2025-06-04,TTX,1,3,116,645.8893685923153,0.23694382556333804,0.2,2,3
2025-06-04,TTX,1,3,85.381,404.7655636559917,0.27829360273627746,0.84,2,3
2025-06-04,TTX,1,3,86.143,418.9335115621954,0.27128165931150555,0,2,3
2025-06-04,TTX,1,3,117.571,464.5659278568714,0.3338861469071595,0.76,2,3
2025-06-04,TTX,1,3,102.762,588.834721790481,0.23024206933585034,0.88,2,3
2025-06-04,TTX,1,3,60.714,349.7428169201456,0.22902642054508926,0.92,2,3
2025-06-04,TTX,1,3,38.905,232.2835405175577,0.220969597965597,0.4,2,3
2025-06-04,TTX,1,3,94.81,564.8924350878436,0.22142871037239548,0,2,3
2025-06-04,TTX,1,3,64.81,411.1357202760364,0.20797079576478597,0,2,3
2025-06-04,TTX,1,3,75.81,411.35482414240295,0.24313945825333855,0.56,2,3
2025-06-04,TTX,1,3,45.524,296.3668087167802,0.20265456629167264,0,2,3
2025-06-04,TTX,1,3,61.143,444.8523457751073,0.1813328141745462,2.16,2,3
2025-06-04,TTX,1,3,36.048,301.0348742486305,0.15798283634900642,1.04,2,3
2025-06-04,TTX,1,3,123.286,696.410107463452,0.23355772665588811,1.12,2,3
2025-06-04,TTX,1,3,76.714,387.1934335733991,0.26139193734902244,0.76,2,3
2025-06-04,TTX,1,3,85.714,535.1842571650355,0.21129731370619437,1.16,2,3
2025-06-04,TTX,1,3,62.952,409.65273305420845,0.20273989560800462,0.88,2,3
2025-06-04,TTX,1,4,181.762,1156.7473306994502,0.2073051683469698,2.44,2,4
2025-06-04,TTX,1,4,163.381,739.9564243146701,0.2913003106101965,1.12,2,4
2025-06-04,TTX,1,4,108.905,628.4267904429059,0.22863287161643506,1.28,2,4
2025-06-04,TTX,1,4,79.333,471.32009283217945,0.22206671385086874,2.48,2,4
2025-06-04,TTX,1,4,92.238,496.03154942358753,0.24532743626537304,2.72,2,4
2025-06-04,TTX,1,4,76.857,303.17632624780197,0.33445191366299715,2.2,2,4
2025-06-04,TTX,1,4,179.667,888.9908742171574,0.266634631351247,0.48,2,4
2025-06-04,TTX,1,4,100.667,375.9914601108512,0.35322764697538994,0.64,2,4
2025-06-04,TTX,1,4,48.048,277.5861478344398,0.2283615949977725,0,2,4
2025-06-04,TTX,1,4,126.952,551.4936570704107,0.3036998435569203,0.04,2,4
2025-06-04,TTX,1,4,104.429,477.5806975190409,0.2884827814160876,1.8800000000000001,2,4
2025-06-04,TTX,1,4,89.714,470.2222671438589,0.2517112187407419,1.96,2,4
2025-06-04,TTX,1,4,154.952,1105.074566762523,0.18499123224671693,0,2,4
2025-06-04,TTX,1,4,89.81,565.3317959988207,0.20958819963422437,0.6,2,4
2025-06-04,TTX,1,4,65.667,328.4366956833703,0.26377950243593384,0.92,2,4
2025-06-04,TTX,2,1,170.333,442.8757982648327,0.5074139353432473,4.16,2,5
2025-06-04,TTX,2,1,140.524,651.4903553235891,0.28456930653313117,2.8000000000000003,2,5
2025-06-04,TTX,2,1,189.619,421.8983328276073,0.592952064585311,3.96,2,5
2025-06-04,TTX,2,1,237.571,671.5890989388606,0.46669734526909623,4.24,2,5
2025-06-04,TTX,2,1,108.048,227.23146663044403,0.627326745531981,0.6,2,5
2025-06-04,TTX,2,1,148.762,515.3611231500881,0.3808253916975489,1.8,2,5
2025-06-04,TTX,2,1,92.952,243.70461784647205,0.5031998732977923,2.36,2,5
2025-06-04,TTX,2,1,63.048,133.32931539698606,0.6238658427431201,1.84,2,5
2025-06-04,TTX,2,1,149.905,580.5975695933449,0.34063278718926504,1.76,2,5
2025-06-04,TTX,2,1,114.048,453.4735063275067,0.3318037557690635,1.4000000000000001,2,5
2025-06-04,TTX,2,1,192.19,731.7734714950037,0.34649715129054026,3.04,2,5
2025-06-04,TTX,2,1,160.333,757.2540979751826,0.27933594822259705,1.2,2,5
2025-06-04,TTX,2,1,107.667,583.5635440370008,0.2434108886735699,0.72,2,5
2025-06-04,TTX,2,1,126.571,466.48827598967625,0.35796372680204724,1.6400000000000001,2,5
2025-06-04,TTX,2,1,125.19,547.3756575609647,0.30173778810375845,2.2,2,5
2025-06-04,TTX,2,1,188,534.965153298669,0.46363679863172036,1.8800000000000001,2,5
2025-06-04,TTX,2,1,93.238,372.2574689566686,0.3304418704823825,1.56,2,5
2025-06-04,TTX,2,1,72.143,220.86131001039928,0.4309432644667935,1,2,5
2025-06-04,TTX,2,1,60.476,292.13810409590695,0.27311175611832106,0.68,2,5
2025-06-04,TTX,2,2,233.714,755.001940864584,0.4083966803166927,2.84,2,6
2025-06-04,TTX,2,2,331.143,962.6293773464471,0.45383920584599585,2.68,2,6
2025-06-04,TTX,2,2,106.048,497.9538975563925,0.2809693128175418,0.4,2,6
2025-06-04,TTX,2,2,145.429,487.68484529326827,0.3934207849370086,2.2,2,6
2025-06-04,TTX,2,2,136.857,603.4420306076616,0.2992106189289648,5.44,2,6
2025-06-04,TTX,2,2,117.81,676.6965253816879,0.22968559161242277,0,2,6
2025-06-04,TTX,2,2,91.143,250.73439242210432,0.47957325310444915,2.08,2,6
2025-06-04,TTX,2,2,114.81,445.4566111749812,0.3400320478487991,1.84,2,6
2025-06-04,TTX,2,2,104.762,606.6271089176842,0.22783870823203514,2.68,2,6
2025-06-04,TTX,2,2,166.714,769.9390586595583,0.2856677820397301,1.76,2,6
2025-06-04,TTX,2,2,159.714,649.7340648579251,0.32430443850186935,3.4,2,6
2025-06-04,TTX,2,2,151.476,515.4706750832714,0.3876907218536513,3.08,2,6
2025-06-04,TTX,2,2,238.476,610.8546603603133,0.5150534848102098,2.92,2,6
2025-06-04,TTX,2,2,153.238,586.1443569471493,0.3449113054180321,1.24,2,6
2025-06-04,TTX,2,2,171.905,679.7708985802831,0.3336349072857523,3.08,2,6
2025-06-04,TTX,2,2,96.619,279.50849596724476,0.45605063825665215,0.56,2,6
2025-06-04,TTX,2,2,121.762,398.7252160137407,0.40288733367955903,1.12,2,6
2025-06-04,TTX,2,2,115.286,425.41322011542337,0.3575288829719083,1.6,2,6
2025-06-04,TTX,2,2,99.571,322.06653906332565,0.4078803707023981,1.48,2,6
2025-06-04,TTX,2,2,101.524,480.8199752065329,0.2785683434557592,1.32,2,6
2025-06-04,TTX,2,3,59.286,317.2335690425785,0.2465576915943437,0.92,2,7
2025-06-04,TTX,2,3,50.333,251.17375333308135,0.2643772640839241,2.2800000000000002,2,7
2025-06-04,TTX,2,3,101.19,406.30275025528925,0.3285741376360713,1.16,2,7
2025-06-04,TTX,2,3,69.19,380.93282888653766,0.23962960486006799,1.04,2,7
2025-06-04,TTX,2,3,107.333,359.1873467387854,0.3942373636705457,1.4000000000000001,2,7
2025-06-04,TTX,2,3,133.429,559.3468009122834,0.3147129511692187,3,2,7
2025-06-04,TTX,2,3,205.762,759.2306454854572,0.35755016756729074,5.44,2,7
2025-06-04,TTX,2,3,132.286,417.56007627355075,0.4179655230047858,4.96,2,7
2025-06-04,TTX,2,3,135.619,466.6531804785731,0.38341742883710656,3.24,2,7
2025-06-04,TTX,2,3,127,630.2395866425277,0.26585423641237105,2.88,2,7
2025-06-04,TTX,2,3,187,786.8515707865633,0.3135409957840624,3.6,2,7
2025-06-04,TTX,2,3,100.333,539.5225137190921,0.24534644461063135,1.48,2,7
2025-06-04,TTX,2,3,77.524,448.8054407956564,0.22788912590366897,1.24,2,7
2025-06-04,TTX,2,3,106.714,601.5196824748568,0.2340545560185278,1.4000000000000001,2,7
2025-06-04,TTX,2,3,82.286,529.1439095227845,0.20516236301580074,1.4000000000000001,2,7
2025-06-04,TTX,2,3,78.286,395.43058577053506,0.26119170975825706,1.48,2,7
2025-06-04,TTX,2,3,130.286,772.2454151476267,0.22258093121891157,2.36,2,7
2025-06-04,TTX,2,3,119.19,440.78854564313093,0.3567426731730427,1.12,2,7
2025-06-04,TTX,2,3,78.095,295.4327343391125,0.3487467411811824,1.48,2,7
2025-06-04,TTX,2,3,118.524,551.0542961594338,0.2837640997625477,1,2,7
2025-06-04,TTX,2,3,101.429,403.1730245009805,0.3319068533610536,1.44,2,7
2025-06-04,TTX,2,3,70.619,371.32339457900093,0.25090816501653956,1.32,2,7
2025-06-04,TTX,2,3,72.333,332.38979070391946,0.28710076164278564,1.72,2,7
2025-06-04,TTX,2,3,102.524,521.5110227255224,0.2593627442485754,1.2,2,7
2025-06-04,TTX,2,3,46.619,258.8066401303435,0.2376474078893946,1.24,2,7
2025-06-04,TTX,2,3,67.952,281.48504347751935,0.3184875519801881,1.24,2,7
2025-06-04,TTX,2,3,111.81,481.75404958420063,0.3061969189551864,1.12,2,7
2025-06-04,TTX,2,3,71.143,258.0928227972863,0.3636652383308012,0.6,2,7
2025-06-04,TTX,2,3,48.762,211.96569303591977,0.303501944314454,2,2,7
2025-06-04,TTX,3,1,264,1080.4184627268287,0.3223721181243399,1.96,2,8
2025-06-04,TTX,3,1,376.81,1371.7873969339648,0.36239412980037583,2.24,2,8
2025-06-04,TTX,3,1,171.381,942.201977931626,0.23997400734312457,3.2,2,8
2025-06-04,TTX,3,1,149.714,882.0718047529524,0.22392573921134573,0.36,2,8
2025-06-04,TTX,3,1,125.476,606.790860228337,0.2728143295247387,1.36,2,8
2025-06-04,TTX,3,1,149.857,839.2946577905051,0.23556356500301204,0.8,2,8
2025-06-04,TTX,3,1,164.19,763.7338065284106,0.2836287368142864,1.2,2,8
2025-06-04,TTX,3,1,95.143,459.2393975476775,0.2733274474583877,1.32,2,8
2025-06-04,TTX,3,1,330.286,1035.334959276313,0.42087664767699345,1.96,2,8
2025-06-04,TTX,3,2,151,1321.0475541964618,0.15080093659070581,1.4000000000000001,2,9
2025-06-04,TTX,3,2,211,1202.7095559719198,0.23145535682029797,2.2800000000000002,2,9
2025-06-04,TTX,3,2,206.714,1341.9696670779733,0.20322294201838406,1.48,2,9
2025-06-04,TTX,3,2,171.619,622.2215383117581,0.3638864379672009,2.64,2,9
2025-06-04,TTX,3,2,184.19,885.0366260183644,0.2745682698197952,1.44,2,9
2025-06-04,TTX,3,2,209.048,1006.7246070418255,0.2739560373867819,2.04,2,9
2025-06-04,TTX,3,2,218.19,1133.958222240847,0.2538536023987289,1.48,2,9
2025-06-04,TTX,3,2,344.857,1422.3634883608154,0.3198703556220432,1.32,2,9
2025-06-04,TTX,3,2,415.19,1856.561620339291,0.29504146745560816,1.4000000000000001,2,9
2025-06-04,TTX,3,3,207.714,1650.9672371016597,0.16598653425754964,2.6,2,10
2025-06-04,TTX,3,3,109.714,1491.0594695361744,0.09707616847222976,1.08,2,10
2025-06-04,TTX,3,3,73.952,865.4325958697835,0.1127358952959631,1.12,2,10
2025-06-04,TTX,3,3,146.095,1154.550526144565,0.16694289949147648,0.4,2,10
2025-06-04,TTX,3,3,113.333,1044.2305762507926,0.1431876370412889,1.8,2,10
2025-06-04,TTX,3,3,149.286,1522.6899955917877,0.12934603794076316,1.6,2,10
2025-06-04,TTX,3,3,137,1607.7495760499917,0.11242106788188841,1.04,2,10
2025-06-04,TTX,3,3,110,1039.3976062300455,0.13962285550553305,1.6400000000000001,2,10
2025-06-04,TTX,3,3,148.19,1557.7247038237897,0.12550867176215896,1.12,2,10
2025-06-04,TTX,3,3,111.095,1101.12031856373,0.133108343751596,1.2,2,10
2025-06-04,TTX,3,3,89.048,1023.6382723470747,0.11476863000210288,1.08,2,10
2025-06-04,TTX,3,3,157.286,1584.1370983251481,0.1309914187927445,2.2800000000000002,2,10
2025-06-04,TTX,3,3,186.143,1725.7589184749836,0.1423023674707475,4.08,2,10
2025-06-04,TTX,3,3,55.81,629.4162173762872,0.11698216018935298,1.08,2,10
2025-06-04,TTX,3,3,76.238,901.8949387678997,0.11152213827060886,0,2,10
2025-06-04,TTX,3,3,177.571,1927.4555592477793,0.12154391186216676,1.76,2,10
2025-06-04,TTXinTTX,4,1,150.905,541.884222762874,0.36740297284732853,1.4000000000000001,2,1
2025-06-04,TTXinTTX,4,1,95.429,369.34684706872633,0.34087214991510395,1.2,2,1
2025-06-04,TTXinTTX,4,1,140.19,433.5950197568458,0.42655819829699393,0.32,2,1
2025-06-04,TTXinTTX,4,1,126.952,469.8382587885955,0.3564812661420136,0.96,2,1
2025-06-04,TTXinTTX,4,1,147.429,604.7047607848791,0.3216511251163347,1.6,2,1
2025-06-04,TTXinTTX,4,1,95.095,444.907698330821,0.28198973873894706,0.88,2,1
2025-06-04,TTXinTTX,4,1,116.095,657.1466946105768,0.23307555712086606,1.36,2,1
2025-06-04,TTXinTTX,4,1,153.476,832.3202357705865,0.24327392444382662,1.52,2,1
2025-06-04,TTXinTTX,4,1,126.952,594.9846213659151,0.28150061591577213,1.04,2,1
2025-06-04,TTXinTTX,4,1,157.81,685.9219513339613,0.30353261332349346,1.32,2,1
2025-06-04,TTXinTTX,4,1,137.667,650.2829777020854,0.2793013312155925,1,2,1
2025-06-04,TTXinTTX,4,1,106.048,551.2192006483306,0.25381874261034043,0,2,1
2025-06-04,TTXinTTX,4,1,90.81,595.2590777879954,0.20126728647436876,0.08,2,1
2025-06-04,TTXinTTX,4,1,177.857,816.8342051314518,0.2872649169905187,0.92,2,1
2025-06-04,TTXinTTX,4,1,116.619,614.9738130480033,0.25018325178181366,1.24,2,1
2025-06-04,TTXinTTX,4,1,156.286,439.52581546591347,0.4691170638908092,2.84,2,1
2025-06-04,TTXinTTX,4,1,144,872.5165698228853,0.2177380612708652,1.48,2,1
2025-06-04,TTXinTTX,4,1,109.19,690.5346643100979,0.2086137472305108,1.8,2,1
2025-06-04,TTXinTTX,4,1,80.333,424.9185066487327,0.24942149740489342,0,2,1
2025-06-04,TTXinTTX,4,1,136.571,655.3350515891991,0.27494171341558066,1.2,2,1
2025-06-04,TTXinTTX,4,1,67.476,338.485490901884,0.26299943467373493,1.44,2,1
2025-06-04,TTXinTTX,4,2,179.143,1220.1179347438595,0.19370622375009655,1.56,2,2
2025-06-04,TTXinTTX,4,2,82.571,639.0798510612937,0.17045822503531982,0.88,2,2
2025-06-04,TTXinTTX,4,2,79.762,534.086431476715,0.19702894562803994,1.32,2,2
2025-06-04,TTXinTTX,4,2,91.524,797.1759756054013,0.15146989814830675,1.52,2,2
2025-06-04,TTXinTTX,4,2,178.476,796.7366146944242,0.2955361360497659,2.68,2,2
2025-06-04,TTXinTTX,4,2,163,935.8318213115812,0.22979222949193107,0.76,2,2
2025-06-04,TTXinTTX,4,2,66.048,517.2281187271795,0.16847019836370272,0.84,2,2
2025-06-04,TTXinTTX,4,2,109.762,608.0547435837983,0.23815235138549729,0.52,2,2
2025-06-04,TTXinTTX,4,2,76.381,444.13852844205013,0.2268884736945488,0.88,2,2
2025-06-04,TTXinTTX,4,3,220.667,1066.3058673763387,0.27302419464695493,1.84,2,3
2025-06-04,TTXinTTX,4,3,196.095,862.6326790932686,0.2999066920678191,1.04,2,3
2025-06-04,TTXinTTX,4,3,219.476,678.2879113584552,0.42689247791911855,1.96,2,3
2025-06-04,TTXinTTX,4,3,249.905,1095.7384356988227,0.3008940448279351,1.92,2,3
2025-06-04,TTXinTTX,4,3,103,571.8668571077623,0.23762265286883152,0.08,2,3
2025-06-04,TTXinTTX,4,3,259.857,1449.2152437731509,0.23656313645444452,1.96,2,3
2025-06-04,TTXinTTX,4,3,295.571,1289.2532768301958,0.3024608163010827,2.44,2,3
2025-06-04,TTXinTTX,4,3,113.238,568.9008826641065,0.2626038721692012,0.96,2,3
2025-06-04,TTXinTTX,5,1,400.381,2605.633918673051,0.20272420400523128,3.3200000000000003,2,4
2025-06-04,TTXinTTX,5,1,167.429,1276.3492122794535,0.17306398975258566,2.2,2,4
2025-06-04,TTXinTTX,5,1,191.286,781.6357455887968,0.3228674891706944,2.4,2,4
2025-06-04,TTXinTTX,5,1,187.286,395.54013770371836,0.6246838765688112,1.32,2,4
2025-06-04,TTXinTTX,5,1,174.571,832.3755883263001,0.2766930863816031,0.96,2,4
2025-06-04,TTXinTTX,5,1,78.238,331.5664214376791,0.3113097630688043,0.96,2,4
2025-06-04,TTXinTTX,5,1,79,308.17304757920203,0.3382034090990095,0.72,2,4
2025-06-04,TTXinTTX,5,1,78.762,272.64477905875344,0.3811229424989564,1.8,2,4
2025-06-04,TTXinTTX,5,1,252.619,1494.4636517125632,0.2230109552259997,1.4000000000000001,2,4
2025-06-04,TTXinTTX,5,1,184.048,738.4180845371285,0.3288321870270973,2.2800000000000002,2,4
2025-06-04,TTXinTTX,5,1,148.524,640.7830953277321,0.3057955307907033,1.8,2,4
2025-06-04,TTXinTTX,5,1,138.333,617.5546259581519,0.29552617934437,1.52,2,4
2025-06-04,TTXinTTX,5,1,175.619,572.799778307186,0.4044959723142224,1.6,2,4
2025-06-04,TTXinTTX,5,1,156.286,636.6097432625724,0.3238861205593258,0.36,2,4
2025-06-04,TTXinTTX,5,1,109.143,794.4302582063559,0.1812531874813434,3.2,2,4
2025-06-04,TTXinTTX,5,1,166.81,1046.4273808056778,0.21030932543178685,1.6,2,4
2025-06-04,TTXinTTX,5,1,122.333,627.9874295319289,0.25700301518161983,1.92,2,4
2025-06-04,TTXinTTX,5,1,188.857,571.4274961967852,0.4360311290044114,4.04,2,4
2025-06-04,TTXinTTX,5,1,160.762,502.5112579768155,0.4220687007854092,2.7600000000000002,2,4
2025-06-04,TTXinTTX,5,1,133.048,796.4068057166305,0.2204037253197843,1.48,2,4
2025-06-04,TTXinTTX,5,1,187.762,1477.440434474131,0.16766532879630097,1.6400000000000001,2,4
2025-06-04,TTXinTTX,5,1,117.095,747.8637675340125,0.2065672180939285,1.72,2,4
2025-06-04,TTXinTTX,5,2,349.381,2618.15397486853,0.1760555183873183,0,2,5
2025-06-04,TTXinTTX,5,2,258.333,1819.6599165301977,0.1872988892043601,1.72,2,5
2025-06-04,TTXinTTX,5,2,340.048,1369.4810404458965,0.3275893268793036,0,2,5
2025-06-04,TTXinTTX,5,2,166.762,991.1290244695074,0.22197928266662556,1.8,2,5
2025-06-04,TTXinTTX,5,2,249.143,1878.032646064963,0.17502137648948032,0.6,2,5
2025-06-04,TTXinTTX,5,2,209.619,1768.4265135042476,0.15638286675097282,2,2,5
2025-06-04,TTXinTTX,5,2,301.095,2564.8333192208784,0.15487807413673896,1.8800000000000001,2,5
2025-06-04,TTXinTTX,5,2,210.571,2248.642223310907,0.12354459249575378,0.76,2,5
2025-06-04,TTXinTTX,5,2,726.381,3688.1384808433377,0.25983808047529167,2.48,2,5
2025-06-04,TTXinTTX,5,2,825.238,4696.016266129197,0.23184363011910894,1.8,2,5
2025-06-04,TTXinTTX,5,2,146,991.788642425095,0.19421343432755359,0,2,5
2025-06-04,TTXinTTX,5,2,171.143,1541.6344077847807,0.1464614362515736,1.6,2,5
2025-06-04,TTXinTTX,5,2,110.762,505.3111747533304,0.2891861100106685,0,2,5
2025-06-04,TTXinTTX,5,2,83.81,1273.877951302488,0.0867987683661716,0,2,5
2025-06-04,TTXinTTX,5,3,289.476,1914.1663331635295,0.1995163229773714,1.28,2,6
2025-06-04,TTXinTTX,5,3,166.81,958.2911207923905,0.22965196253578932,1.8,2,6
2025-06-04,TTXinTTX,5,3,141.19,1309.076410845143,0.14229331068155218,0.92,2,6
2025-06-04,TTXinTTX,5,3,403.952,2217.7266677665953,0.24030747865459773,2.44,2,6
2025-06-04,TTXinTTX,5,3,118.667,698.3866549737266,0.22417107474108233,0,2,6
2025-06-04,TTXinTTX,5,3,142,1262.8397291505933,0.14834935105617109,0,2,6
2025-06-04,TTXinTTX,5,3,168.667,1194.9117646857608,0.18622579040494136,0,2,6
2025-06-04,TTXinTTX,5,3,218.667,1278.930025189602,0.22557034628417602,2.32,2,6
2025-06-04,TTXinTTX,5,3,134,755.9360152422515,0.23386503964993718,2.48,2,6
2025-06-04,TTXinTTX,5,3,132,645.2851031924414,0.2698782186096891,1.12,2,6
2025-06-04,TTXinTTX,5,3,123.81,552.5914827587312,0.295594997332196,1.24,2,6
2025-06-04,TTXinTTX,5,3,149.143,1117.5392704022886,0.1760701054475528,1.12,2,6
2025-06-04,TTXinTTX,5,3,207.905,1602.3134938076148,0.1711839277197672,1.44,2,6
2025-06-04,TTXinTTX,5,3,88.81,512.5058538178596,0.22861703223543323,1.32,2,6
2025-06-04,TTXinTTX,5,3,86.286,969.9878077216292,0.1173598657755309,0.88,2,6
2025-06-04,TTXinTTX,5,3,162.143,739.4617108479795,0.28928642586165526,1.92,2,6
2025-06-04,TTXinTTX,5,3,85.81,659.178594676565,0.17174351559447246,0,2,6
2025-06-04,TTXinTTX,5,3,69.238,804.4237008691562,0.1135547222867652,0,2,6
2025-06-04,TTXinTTX,5,3,136.619,1163.3919437415748,0.15492824202850047,0,2,6
2025-06-04,TTXinTTX,5,3,87.952,770.5421708811882,0.1505895551550228,1.2,2,6
2025-06-04,TTXinTTX,5,3,117.81,755.441301775561,0.2057439028142266,1.8800000000000001,2,6
2025-06-04,TTXinTTX,5,3,133.619,1249.4409511331603,0.1410905816920562,0.8,2,6
2025-06-04,TTXinTTX,5,4,334,3368.378298268081,0.1308190976215261,1.76,2,7
2025-06-04,TTXinTTX,5,4,329.571,2801.674220158859,0.155194704635123,0,2,7
2025-06-04,TTXinTTX,5,4,401.286,3251.4679347096526,0.16282462096124206,3.64,2,7
2025-06-04,TTXinTTX,5,4,316.952,2329.6391568153786,0.17949418442723988,2.4,2,7
2025-06-04,TTXinTTX,5,4,319.81,2154.7954246331624,0.19580849867852784,0.96,2,7
2025-06-04,TTXinTTX,5,4,544.667,5061.573769488028,0.14196818670990102,0,2,7
2025-06-04,TTXinTTX,5,4,446.857,4490.750538691116,0.13127897517885076,1.16,2,7
2025-06-04,TTXinTTX,5,4,282.238,2982.2838435612457,0.1248567577556955,2.2800000000000002,2,7
2025-06-04,TTXinTTX,5,4,225.571,1738.0045182483827,0.1712292311480086,0,2,7
2025-06-04,TTXinTTX,5,4,300.429,2621.9433185784264,0.15116947202762024,3.64,2,7
2025-06-04,TTXinTTX,5,4,348.333,2608.4338354495667,0.1761815140996521,3.84,2,7
2025-06-04,TTXinTTX,5,4,415.619,2881.462622863583,0.19029524895336344,3.52,2,7
2025-06-04,TTXinTTX,5,4,365.095,1532.7387908103012,0.3142557837581713,1.2,2,7
2025-06-04,TTXinTTX,5,4,406.619,3793.737319006034,0.1414053868025694,0.32,2,7
2025-06-04,TTXinTTX,5,4,224.238,2498.2787900446906,0.11841694515866374,0.4,2,7
2025-06-04,TTXinTTX,5,4,414.81,4827.478585949093,0.11336380241920813,1.36,2,7
2025-06-04,TTXinTTX,5,4,292.048,3145.5957933031204,0.12248893651687641,1.72,2,7
2025-06-04,TTXinTTX,5,4,208.857,2324.2030745730017,0.11855517258811941,0.96,2,7
2025-06-04,TTXinTTX,5,4,222.81,2400.6980002127634,0.12244546105112705,1.6,2,7
2025-06-04,TTXinTTX,5,4,289.952,2018.3363834818676,0.18953006107122822,2.36,2,7
2025-06-04,TTXinTTX,5,4,183.238,1390.0191449721451,0.17391630660625632,0,2,7
2025-06-04,TTXinTTX,5,4,176.476,1958.865828258782,0.11885747618080557,0.08,2,7
2025-06-04,TTXinTTX,5,4,103.619,1086.0194494581026,0.12587727610769636,0.8,2,7
2025-06-04,TTXinTTX,5,4,166.048,1639.764110460868,0.13359734122040315,0.64,2,7
2025-06-04,TTXinTTX,5,4,192.048,1530.8717952332097,0.16550705460616505,1,2,7
2025-06-04,TTXinTTX,5,4,121.762,883.6643439079636,0.18178999781767083,1.44,2,7
2025-06-04,TTXinTTX,5,4,169.81,1528.235629767348,0.1465947725963227,2.08,2,7
2025-06-04,TTXinTTX,5,4,211.905,1737.784261203772,0.160875862219923,0.72,2,7
2025-06-04,TTXinTTX,5,4,156.381,1905.0504591444394,0.10829865064035245,0.4,2,7
2025-06-04,TTXinTTX,5,4,197.19,1758.2670131743066,0.14796043569888984,2.4,2,7
2025-06-17,Control,1,1,224.238,2614.524,0.08576628097504556,2,3,1
2025-06-17,Control,1,1,429.619,4829.429,0.08895854975815982,1.28,3,1
2025-06-17,Control,1,1,229,2312.19,0.09904030378126365,0.4,3,1
2025-06-17,Control,1,1,214.905,2531.571,0.08488997543422643,1.32,3,1
2025-06-17,Control,1,1,147,1635.952,0.08985593709350885,0,3,1
2025-06-17,Control,1,1,108.524,1552.19,0.06991669834234211,0,3,1
2025-06-17,Control,1,1,189.619,2321.048,0.08169542379132186,2.44,3,1
2025-06-17,Control,1,1,200.476,2456.619,0.08160646807665331,1.96,3,1
2025-06-17,Control,1,1,304.714,3486.714,0.08739288625336061,2.08,3,1
2025-06-17,Control,1,2,121.286,1033.571,0.11734655867860071,2.24,3,2
2025-06-17,Control,1,2,158.095,1492.81,0.10590430128415539,1.6,3,2
2025-06-17,Control,1,2,94.81,1024.333,0.09255779126514521,1.36,3,2
2025-06-17,Control,1,2,101.714,1133.81,0.08970991612351276,0,3,2
2025-06-17,Control,1,2,166.429,1834.667,0.09071346462328042,1.24,3,2
2025-06-17,Control,1,2,116.667,1310.048,0.08905551552309533,0.48,3,2
2025-06-17,Control,1,3,160.571,1337.048,0.12009366903805996,3.24,3,3
2025-06-17,Control,1,3,126.286,1030.619,0.12253412754858974,3.2,3,3
2025-06-17,Control,1,3,146,1073.524,0.13600068559249726,1.32,3,3
2025-06-17,Control,1,3,102.19,974.905,0.10482046968679,0,3,3
2025-06-17,Control,1,3,73.286,805.524,0.09097928801624781,1.12,3,3
2025-06-17,Control,1,3,186.286,1587.857,0.11731912886361934,1.8800000000000001,3,3
2025-06-17,Control,1,3,116,899,0.12903225806451613,1.52,3,3
2025-06-17,Control,1,4,361.857,2359.524,0.15336016925447676,1.48,3,4
2025-06-17,Control,1,4,483.286,3027.857,0.1596132181935937,2.44,3,4
2025-06-17,Control,1,4,255.667,1485.857,0.17206702933054796,1.6,3,4
2025-06-17,Control,1,4,184.571,1481.143,0.12461389615992513,1.44,3,4
2025-06-17,Control,1,4,131.381,1004.524,0.13078930916533602,1.28,3,4
2025-06-17,Control,1,5,170.952,1214.048,0.14081156593479005,1.36,3,5
2025-06-17,Control,1,5,175.619,1306.571,0.13441213680695502,1.36,3,5
2025-06-17,Control,1,5,159.143,1816.333,0.08761774410309123,0.48,3,5
2025-06-17,Control,1,5,134.524,1319.19,0.10197469659412214,1.28,3,5
2025-06-17,Control,1,5,221.905,1799.143,0.12333927875660801,1.68,3,5
2025-06-17,Control,1,5,296.857,2342.476,0.12672787255877968,1.24,3,5
2025-06-17,Control,1,5,128.857,1272,0.10130267295597484,1.04,3,5
2025-06-17,Control,1,5,248.333,1794.952,0.13835077483966146,2.6,3,5
2025-06-17,Control,1,5,269.238,2206.952,0.12199540361548415,2.2800000000000002,3,5
2025-06-17,Control,1,5,154.571,1064.095,0.1452605265507309,1.52,3,5
2025-06-17,Control,1,5,134.476,1209.19,0.11121163754248711,0.24,3,5
2025-06-17,Control,1,5,158.381,1396,0.11345343839541547,0.28,3,5
2025-06-17,Control,1,6,209.381,1876.476,0.11158202929320704,1.28,3,6
2025-06-17,Control,1,6,160.476,1619.476,0.09909131101664982,1.36,3,6
2025-06-17,Control,1,6,142.19,1409.952,0.10084740473434556,1.12,3,6
2025-06-17,Control,1,6,169.095,1674.143,0.10100391663077765,1.08,3,6
2025-06-17,Control,1,6,176.381,1736.476,0.10157410756036939,2.24,3,6
2025-06-17,Control,1,6,187.524,1839.762,0.10192840160846893,1.52,3,6
2025-06-17,Control,1,6,177.81,1608.714,0.11052927990929401,2.08,3,6
2025-06-17,Control,1,6,128.619,1364.905,0.09423293196229775,0.72,3,6
2025-06-17,Control,1,6,198.905,2108.81,0.09432096774958389,1.52,3,6
2025-06-17,Control,1,6,76,791,0.09608091024020228,2.8000000000000003,3,6
2025-06-17,Control,2,1,152.048,1106.571,0.13740464913683806,2.96,3,7
2025-06-17,Control,2,1,133.667,898.048,0.1488417100199544,0.08,3,7
2025-06-17,Control,2,1,120,383,0.3133159268929504,0.36,3,7
2025-06-17,Control,2,1,97.476,552.095,0.1765565708800116,0.92,3,7
2025-06-17,Control,2,1,133.905,1110.429,0.12058852929813611,2.12,3,7
2025-06-17,Control,2,1,89.857,785.857,0.11434268575580545,0.36,3,7
2025-06-17,Control,2,1,97.857,644.333,0.15187333257803032,0.32,3,7
2025-06-17,Control,2,1,106.714,876.571,0.12174028116376197,1.68,3,7
2025-06-17,Control,2,1,145,997.524,0.1453599111399826,1.24,3,7
2025-06-17,Control,2,1,95.143,720.095,0.1321256223137225,0,3,7
2025-06-17,Control,2,2,204.333,2158.048,0.09468417755304795,2.08,3,8
2025-06-17,Control,2,2,148.048,1351.81,0.10951834947218915,2.44,3,8
2025-06-17,Control,2,2,199.476,1647.095,0.12110776852579845,2.88,3,8
2025-06-17,Control,2,2,126.81,830.667,0.15266045238344608,1.24,3,8
2025-06-17,Control,2,2,119.905,756.476,0.158504698100138,2.2,3,8
2025-06-17,Control,2,2,103.571,682.714,0.15170481343578715,0,3,8
2025-06-17,Control,2,2,122.19,457.048,0.267346099315608,2.56,3,8
2025-06-17,Control,2,3,178.905,837.048,0.21373326260859593,0.12,3,9
2025-06-17,Control,2,3,262.619,1088.238,0.241324967516297,2.68,3,9
2025-06-17,Control,2,3,119.667,471.714,0.253685495872499,0.12,3,9
2025-06-17,Control,2,3,182.238,620.667,0.2936163836646704,1.52,3,9
2025-06-17,Control,2,3,118.048,367.429,0.3212811182568605,0,3,9
2025-06-17,Control,2,3,164.524,695.81,0.23644960549575317,0,3,9
2025-06-17,Control,3,1,182.19,1006.81,0.1809576782113805,1.48,3,10
2025-06-17,Control,3,1,118.524,613.238,0.19327569393938404,0,3,10
2025-06-17,Control,3,1,168.905,968.952,0.17431720043923746,1.24,3,10
2025-06-17,Control,3,2,132.714,657.619,0.20180986254959177,0.96,3,11
2025-06-17,Control,3,2,152.048,1032.095,0.14731977192022053,0.96,3,11
2025-06-17,Control,3,2,184.667,1164.762,0.15854483576902406,1,3,11
2025-06-17,Control,3,2,82.19,939,0.08752928647497338,1.56,3,11
2025-06-17,Control,3,2,135.952,957.143,0.1420393817851669,2.12,3,11
2025-06-17,Control,3,2,130.333,919.762,0.1417029622880702,2.08,3,11
2025-06-17,Control,3,2,115.524,805.048,0.1434995180411603,2.12,3,11
2025-06-17,Control,3,2,141.143,928.238,0.15205475319907177,0,3,11
2025-06-17,Control,3,2,97.19,726.952,0.13369520958742806,2.2800000000000002,3,11
2025-06-17,Control,3,3,179.238,1564.19,0.11458838120688662,1.68,3,12
2025-06-17,Control,3,3,161.048,1147.667,0.14032641872598933,2.08,3,12
2025-06-17,Control,3,3,144.952,1415.81,0.10238096919784434,0.92,3,12
2025-06-17,Control,3,3,111.095,1160.714,0.09571263894464958,1.08,3,12
2025-06-17,Control,3,3,150.619,1482.81,0.10157673606193646,1.2,3,12
2025-06-17,Control,3,3,202.238,2079.762,0.09724093429921307,0.88,3,12
2025-06-17,Control,3,4,135.238,989.095,0.13672903007294546,0.52,3,13
2025-06-17,Control,3,4,155.286,1304.857,0.11900614396826625,2.56,3,13
2025-06-17,Control,3,4,149.667,1213.048,0.12338093793485501,1.36,3,13
2025-06-17,Control,3,4,272.762,1989.429,0.137105672029512,3.52,3,13
2025-06-17,Control,3,4,243.667,1793,0.13589905186837703,1.92,3,13
2025-06-17,Control,3,4,109.524,591.762,0.185081164387034,1.96,3,13
2025-06-17,Control,3,4,181.381,1532.333,0.11836917954517719,2.7600000000000002,3,13
2025-06-17,Control,3,4,139.667,1113.143,0.12547085145394618,2.44,3,13
2025-06-17,Control,3,4,113.762,961.952,0.11826161804331194,1.76,3,13
2025-06-17,Control,3,4,205.667,1519.048,0.13539203501140187,2,3,13
2025-06-17,Control,3,4,98.095,1002.714,0.09782949076207173,0.64,3,13
2025-06-17,Control,3,4,131.19,1090.905,0.12025795096731613,0,3,13
2025-06-17,Control,3,4,114.476,746.095,0.15343354398568546,1.8,3,13
2025-06-17,Control,3,5,119.81,981.619,0.12205346473529954,1.28,3,14
2025-06-17,Control,3,5,72.19,529.619,0.13630553284530955,0.28,3,14
2025-06-17,Control,3,5,62.524,388.333,0.16100614678639208,0.32,3,14
2025-06-17,Control,3,5,100.571,462.714,0.2173502422662811,1.76,3,14
2025-06-17,Control,3,5,99.619,432.476,0.23034573016768561,0.88,3,14
2025-06-17,Control,3,5,141.333,829.524,0.1703784338970301,0.56,3,14
2025-06-17,Control,3,5,137.19,1133.19,0.12106531120112249,1.48,3,14
2025-06-17,Control,3,5,78.238,664.905,0.11766793752490957,0.12,3,14
2025-06-17,Control,3,5,79.619,438.381,0.1816205538104982,1.92,3,14
2025-06-17,Control,3,5,65.952,433.048,0.15229720492878387,1.08,3,14
2025-06-17,Control,3,5,147.429,1150.667,0.12812481804031922,1.44,3,14
2025-06-17,Control,3,5,93.143,864.048,0.10779840934762884,1.6,3,14
2025-06-17,Control,3,5,98.952,739.143,0.13387395943680722,0.08,3,14
2025-06-17,Control,4,1,109.238,531.381,0.20557377851296904,1,3,15
2025-06-17,Control,4,1,81.619,615.19,0.13267283278336772,2.4,3,15
2025-06-17,Control,4,1,71.905,540.667,0.13299313625577297,0,3,15
2025-06-17,Control,4,1,64.238,531.857,0.120780585758954,2.4,3,15
2025-06-17,Control,4,1,129.286,832.476,0.1553029757014016,0.6,3,15
2025-06-17,Control,4,1,129.238,427.048,0.30263108596691707,0.76,3,15
2025-06-17,Control,4,1,143.762,551.048,0.26088834366516167,1.24,3,15
2025-06-17,Control,4,1,66.905,449.524,0.14883521235796088,2.44,3,15
2025-06-17,Control,4,1,55.333,393.048,0.14077924324764404,1.16,3,15
2025-06-17,Control,4,1,70.143,640.571,0.10950074230647344,1.36,3,15
2025-06-17,Control,4,1,80.429,736.714,0.10917262329750757,2.36,3,15
2025-06-17,Control,4,1,67.048,536.238,0.1250340333956191,0.92,3,15
2025-06-17,Control,4,1,104.667,515.048,0.20321795250151442,0.28,3,15
2025-06-17,Control,4,2,102.333,1318.095,0.07763704437085339,0.52,3,16
2025-06-17,Control,4,2,106.857,1391.19,0.07680978155392146,0.68,3,16
2025-06-17,Control,4,2,151.952,1597.286,0.09513136658056227,1.48,3,16
2025-06-17,Control,4,2,265.81,3271.905,0.08124013380584094,1.72,3,16
2025-06-17,Control,4,2,207.524,2606,0.07963315425940139,1.28,3,16
2025-06-17,Control,4,2,77.095,1147.143,0.06720609374768446,1.2,3,16
2025-06-17,Control,4,2,143.857,2373.333,0.06061391300757205,0.92,3,16
2025-06-17,Control,4,2,216.571,2725.857,0.07945060947804672,1.16,3,16
2025-06-17,Control,4,2,220.714,3294,0.06700485731633272,1.4000000000000001,3,16
2025-06-17,Control,4,2,130.81,1806.095,0.07242697643257968,1.36,3,16
2025-06-17,Control,4,2,139.143,1878.952,0.07405351493811443,1.36,3,16
2025-06-17,Control,4,2,156.571,2203.143,0.07106710730987503,1.44,3,16
2025-06-17,Control,4,2,132.857,2139.571,0.06209515832846865,1,3,16
2025-06-17,Control,4,2,177,2249.238,0.07869331747018324,0.8,3,16
2025-06-17,Control,4,3,185.238,1965.333,0.09425272969008305,1.52,3,17
2025-06-17,Control,4,3,209.524,2647.619,0.07913676401325115,3.6,3,17
2025-06-17,Control,4,3,468.714,6295.238,0.07445532639115471,4.5200000000000005,3,17
2025-06-17,Control,4,3,479.048,6111.905,0.0783794905189135,3.56,3,17
2025-06-17,Control,4,3,395.571,4640.524,0.08524274413837747,2.96,3,17
2025-06-17,Control,4,3,198.095,2120.714,0.09340957809492463,2.96,3,17
2025-06-17,Control,4,3,390.714,5439.857,0.07182431449944364,3.3200000000000003,3,17
2025-06-17,TTX,1,1,243.619,2681.578778290409,0.11985775505637612,1.76,3,1
2025-06-17,TTX,1,1,214,2818.697437397291,0.10016381458029383,1.04,3,1
2025-06-17,TTX,1,1,297.952,2722.928290586742,0.14436291528958817,2.64,3,1
2025-06-17,TTX,1,1,251.81,2592.7840534997786,0.12813039616754063,3.12,3,1
2025-06-17,TTX,1,1,463.286,3916.9071340730793,0.15604557017123358,2.8000000000000003,3,1
2025-06-17,TTX,1,1,167.714,1938.383076288247,0.11414982513826898,0.28,3,1
2025-06-17,TTX,1,1,197.143,2462.5302644796316,0.10561979672418505,1.72,3,1
2025-06-17,TTX,1,1,213.524,1839.2097473013089,0.1531655093863129,1.48,3,1
2025-06-17,TTX,1,1,206.524,1221.2711129878937,0.2231022684498971,0.76,3,1
2025-06-17,TTX,1,1,152.476,1110.0712880939232,0.1812158428843641,1.24,3,1
2025-06-17,TTX,1,1,164.286,1957.6019449033204,0.11071888682470835,1.76,3,1
2025-06-17,TTX,1,1,101.857,923.9148773377322,0.1454468979700303,1.28,3,1
2025-06-17,TTX,1,1,331.381,2835.39084565793,0.15419142219504386,2.08,3,1
2025-06-17,TTX,1,1,220.619,2207.127806525677,0.13187454443661892,2.04,3,1
2025-06-17,TTX,1,1,175.714,1481.3393301172105,0.15649387863139852,1.24,3,1
2025-06-17,TTX,1,1,199.524,2417.1711514287913,0.1089013549704932,0.04,3,1
2025-06-17,TTX,1,1,89.143,1643.7737112153752,0.07154688957738631,0,3,1
2025-06-17,TTX,1,1,165.952,1995.9324365567718,0.10969382930934894,0,3,1
2025-06-17,TTX,1,1,190.905,2031.7351614993008,0.1239640479747705,2.04,3,1
2025-06-17,TTX,1,1,129.476,1110.840457982694,0.15377407667536783,0.52,3,1
2025-06-17,TTX,1,1,327.381,2727.541003562879,0.15835352148386098,2,3,1
2025-06-17,TTX,1,1,195.238,2498.1680849332633,0.10310702052196695,0,3,1
2025-06-17,TTX,1,2,111.571,745.1722495124367,0.1975332436698933,2,3,2
2025-06-17,TTX,1,2,135.714,1053.291097714169,0.16998937623024013,2.12,3,2
2025-06-17,TTX,1,2,128.762,959.0049381254477,0.17713827584285885,2.24,3,2
2025-06-17,TTX,1,2,114.857,882.4558131082158,0.1717157152318475,1.56,3,2
2025-06-17,TTX,1,2,122.667,895.2503257257749,0.1807710161558322,1.24,3,2
2025-06-17,TTX,1,2,170.81,1567.224586198143,0.14378964101262579,1.72,3,2
2025-06-17,TTX,1,2,109.952,905.6842824777959,0.16016655903734417,1.48,3,2
2025-06-17,TTX,1,2,147,1225.7731208526031,0.15821686826824288,1.6400000000000001,3,2
2025-06-17,TTX,1,2,110.19,892.285504460363,0.16292355888764729,2.72,3,2
2025-06-17,TTX,1,2,98.048,671.9189079166545,0.19251626164579505,1.8,3,2
2025-06-17,TTX,1,3,150.524,605.5834826068332,0.3279270728043996,1.12,3,3
2025-06-17,TTX,1,3,293.381,960.4879253472756,0.40298197211940406,4,3,3
2025-06-17,TTX,1,3,132.667,455.1755974157012,0.3845293382411595,1.32,3,3
2025-06-17,TTX,1,3,99.048,365.88731233662384,0.3571444482810209,1.28,3,3
2025-06-17,TTX,1,3,131.286,375.55209919987414,0.4612047436783475,0,3,3
2025-06-17,TTX,1,3,207.714,610.3611000718666,0.44897738376020396,3.84,3,3
2025-06-17,TTX,1,3,121.381,482.52321947297133,0.33187767364501164,1.04,3,3
2025-06-17,TTX,1,3,95.857,370.11486377925314,0.34169045660123437,0.28,3,3
2025-06-17,TTX,1,3,87.048,593.3378828334344,0.19355404976684001,3.04,3,3
2025-06-17,TTX,1,3,96.381,593.4474347666177,0.2142667163135645,0.76,3,3
2025-06-17,TTX,1,3,126.524,739.2968063590826,0.22578736031883584,0,3,3
2025-06-17,TTX,1,3,84.762,589.4931865678245,0.1897002698206439,0.2,3,3
2025-06-17,TTX,1,3,80.667,547.2649524495374,0.19446605878277706,0,3,3
2025-06-17,TTX,1,3,110.19,501.413432288495,0.28992906964426696,1.68,3,3
2025-06-17,TTX,1,3,93.143,358.9128903167053,0.34237867623841023,0.96,3,3
2025-06-17,TTX,1,3,90.524,341.4503121672959,0.34976936192245334,2.44,3,3
2025-06-17,TTX,1,3,224.81,638.7511952617438,0.4643328853443999,1.12,3,3
2025-06-17,TTX,1,3,152.286,473.9562582980415,0.4239037516079041,0.48,3,3
2025-06-17,TTX,1,3,70.81,343.09820387802074,0.2722837308814541,1.24,3,3
2025-06-17,TTX,1,3,132.952,450.94804597307194,0.38896803088240733,0.12,3,3
2025-06-17,TTX,1,3,65.19,340.7364948342387,0.25241076463250733,0,3,3
2025-06-17,TTX,1,3,222,843.7424662777449,0.34712717127953063,0,3,3
2025-06-17,TTX,1,3,143.905,460.33722323599807,0.41242533231136347,1.8,3,3
2025-06-17,TTX,1,3,110.81,421.40477253916066,0.3469165732977817,0.88,3,3
2025-06-17,TTX,1,3,184.952,665.3284942519992,0.3667485887429514,1.2,3,3
2025-06-17,TTX,2,1,138.286,932.0978301573986,0.19573219233037206,1.2,3,4
2025-06-17,TTX,2,1,112.619,750.4999329998744,0.19797326783243976,1.32,3,4
2025-06-17,TTX,2,1,91.286,423.6004239158017,0.28431078488084394,1.52,3,4
2025-06-17,TTX,2,1,83.905,608.2738474501649,0.18198443309284446,2.04,3,4
2025-06-17,TTXinTTX,3,1,277.667,1527.6867169231878,0.239792451918264,1.52,3,1
2025-06-17,TTXinTTX,3,1,336,2036.9521398753113,0.21762260034592484,1.24,3,1
2025-06-17,TTXinTTX,3,1,254.19,1693.5794795752101,0.19801515093616825,1.04,3,1
2025-06-17,TTXinTTX,3,1,402.333,3320.165069063256,0.1598716739663501,1.24,3,1
2025-06-17,TTXinTTX,3,1,197.476,1941.238345620476,0.13420880308318356,1.96,3,1
2025-06-17,TTXinTTX,3,1,211.667,2033.6575096321055,0.1373159173650725,0.64,3,1
2025-06-17,TTXinTTX,3,1,201.429,2253.200736909574,0.11794177375941585,0,3,1
2025-06-17,TTXinTTX,3,1,219.714,1790.501804629794,0.16189316386318617,0,3,1
2025-06-17,TTXinTTX,3,1,146.095,1512.5304952618467,0.12743148852057748,0,3,1
2025-06-17,TTXinTTX,3,1,153.19,1706.59424923738,0.1184256238526457,2.12,3,1
2025-06-17,TTXinTTX,3,1,161.143,1533.0685997880953,0.13867411373887178,1.36,3,1
2025-06-17,TTXinTTX,3,1,357.19,2508.107328218594,0.18788785896132068,2.04,3,1
2025-06-17,TTXinTTX,3,1,344.619,2496.521346400783,0.1821165761988751,1.92,3,1
2025-06-17,TTXinTTX,3,1,384.429,2590.7521534337907,0.19576534631018072,3.88,3,1
2025-06-17,TTXinTTX,3,1,355.905,2517.6625631486604,0.186501405941422,1.2,3,1
2025-06-17,TTXinTTX,3,1,288.714,1428.8431969140433,0.26658076827334165,2.8000000000000003,3,1
2025-06-17,TTXinTTX,3,1,316.048,1708.7357012365512,0.2440190296965806,1.56,3,1
2025-06-17,TTXinTTX,3,1,278.333,2256.8251761305733,0.1627092808537292,1.6400000000000001,3,1
2025-06-17,TTXinTTX,3,1,262.238,2740.9951341360256,0.12622137368306974,0,3,1
2025-06-17,TTXinTTX,3,1,94.048,893.2737782155003,0.13890264691762574,0.48,3,1
2025-06-17,TTXinTTX,3,1,165.524,1222.0391296984203,0.17869870426128542,0.64,3,1
2025-06-17,TTXinTTX,3,2,233.143,2802.0582285141227,0.10977179539541009,1.52,3,2
2025-06-17,TTXinTTX,3,2,87.571,1094.805514499399,0.10552828389964784,0.28,3,2
2025-06-17,TTXinTTX,3,2,146.048,1917.625867895632,0.10047945654418264,1.2,3,2
2025-06-17,TTXinTTX,3,2,139.429,2212.5650419462977,0.08313858126306256,1.56,3,2
2025-06-17,TTXinTTX,3,2,175.762,2580.318196681769,0.08986638327251938,0,3,2
2025-06-17,TTXinTTX,3,2,242.286,2245.5678501123116,0.14234679100747735,1.36,3,2
2025-06-17,TTXinTTX,3,2,125.095,1263.334442617284,0.13063728854002207,0.44,3,2
2025-06-17,TTXinTTX,3,2,100.476,918.3138906064581,0.14434997950553843,0,3,2
2025-06-17,TTXinTTX,3,2,153.095,1728.0099224073385,0.11688541364180813,0,3,2
2025-06-17,TTXinTTX,3,2,107.714,1534.7706908762896,0.0925921566518647,0,3,2
2025-06-17,TTXinTTX,3,2,179.143,1324.0677280175873,0.17849875249422323,0.32,3,2
2025-06-17,TTXinTTX,3,3,190.143,1816.365286286992,0.13810922601397316,1.24,3,3
2025-06-17,TTXinTTX,3,3,147.476,1903.513272545142,0.10221414100899574,0,3,3
2025-06-17,TTXinTTX,3,3,189.238,1809.7206732448674,0.13795655627638304,1.12,3,3
2025-06-17,TTXinTTX,3,3,123.952,1093.3778798332846,0.14956459458563723,0,3,3
2025-06-17,TTXinTTX,3,3,174.333,1762.825526772974,0.13047154822625828,0,3,3
2025-06-17,TTXinTTX,3,3,158.381,1058.1229145566722,0.1974751735219458,1.12,3,3
2025-06-17,TTXinTTX,3,3,130.476,998.8172638224833,0.17234160642899607,0.12,3,3
2025-06-17,TTXinTTX,3,3,190.333,1009.5256769965844,0.24873807344642926,0,3,3
2025-06-17,TTXinTTX,3,3,156.286,1116.1116357361743,0.18473874248213804,2,3,3
2025-06-17,TTXinTTX,3,3,119.333,835.9446749915859,0.188333928724047,0,3,3
2025-06-17,TTXinTTX,3,3,179.429,1959.2498366140453,0.12082265097888034,1.8800000000000001,3,3
2025-06-17,TTXinTTX,3,3,144.905,1761.3978921068597,0.10853540766758699,0,3,3
2025-06-17,TTXinTTX,3,3,180.905,1663.5414926746082,0.14347045500254058,1.08,3,3
2025-06-17,TTXinTTX,3,3,101.667,1389.414879572271,0.09653695719405167,1.84,3,3
2025-06-17,TTXinTTX,3,3,150.095,1234.7240903827962,0.16037691177434635,2.4,3,3
2025-06-17,TTXinTTX,3,3,124.048,1368.0534057797822,0.11962783909773252,2.4,3,3
2025-06-17,TTXinTTX,3,3,110.143,1336.9729457465737,0.10868755647604747,1.28,3,3
2025-06-17,TTXinTTX,3,3,83.048,1098.759762698192,0.09971763597206945,0.88,3,3
2025-06-17,TTXinTTX,3,3,128.524,1256.140916730999,0.1349868348160603,0.16,3,3
2025-06-17,TTXinTTX,3,3,104.81,596.63251307664,0.23176152913637316,1.36,3,3
2025-06-17,TTXinTTX,3,3,132.095,1213.9126826127115,0.14356364400230073,1.32,3,3
2025-06-17,TTXinTTX,3,3,249.238,1105.1841186957065,0.297526165383263,0,3,3
2025-06-17,TTXinTTX,3,3,137.905,1060.0452626894773,0.17163313923906973,2.16,3,3
2025-06-17,TTXinTTX,3,3,117.048,668.9529334729987,0.23084154783247496,0.28,3,3
2025-06-17,TTXinTTX,4,1,149,1072.8397753070362,0.18323015323041147,1.56,3,4
2025-06-17,TTXinTTX,4,1,151.667,1246.255872823138,0.16055706531055408,1.6,3,4
2025-06-17,TTXinTTX,4,1,120.095,1079.4843883491612,0.1467756808079431,1.08,3,4
2025-06-17,TTXinTTX,4,1,161.619,1610.1666376494875,0.1324241317976297,1.6400000000000001,3,4
2025-06-17,TTXinTTX,4,1,90.143,929.6807685579031,0.12792154709972306,0.6,3,4
2025-06-17,TTXinTTX,4,1,470.714,1244.0602214464968,0.49918468690433576,1.52,3,4
2025-06-17,TTXinTTX,4,1,243.333,1685.288128000605,0.19049009217962373,1.8,3,4
2025-06-17,TTXinTTX,4,1,171.476,1942.0617148867161,0.11648925299761165,1.44,3,4
2025-06-17,TTXinTTX,4,1,110.095,1099.1437710534556,0.13214740390129934,1,3,4
2025-06-17,TTXinTTX,4,1,146.857,1281.29058105514,0.15121419488529564,1.44,3,4
2025-06-17,TTXinTTX,4,1,139.286,980.9153247620969,0.1873361065328527,1.04,3,4
2025-06-17,TTXinTTX,4,1,310.952,1072.2908624628758,0.38258354960013913,0.6,3,4
2025-06-17,TTXinTTX,4,1,178.476,938.9615470658899,0.2507711431761518,1.16,3,4
2025-06-17,TTXinTTX,4,1,120.571,728.4246418743286,0.21837543177551166,0.6,3,4
2025-06-17,TTXinTTX,4,1,145.238,850.7710876751331,0.22522317690845775,0,3,4
2025-06-17,TTXinTTX,4,1,130.619,903.7077349675214,0.19068823455704748,1.96,3,4
2025-06-17,TTXinTTX,4,1,180.714,894.2620519706376,0.2666076089163584,3.2800000000000002,3,4
2025-06-17,TTXinTTX,4,1,249.571,1281.729941966117,0.25688759464911515,2.44,3,4
2025-06-17,TTXinTTX,4,2,71.333,649.1839988355208,0.14496669083948846,0,3,5
2025-06-17,TTXinTTX,4,2,150.905,1216.9870558113068,0.16359243381551025,1.24,3,5
2025-06-17,TTXinTTX,4,2,78.905,768.2358143931199,0.1355050614171236,0.28,3,5
2025-06-17,TTXinTTX,4,2,87.095,870.1548607791035,0.13205115855168156,1,3,5
2025-06-17,TTXinTTX,4,2,120.429,891.6812390604894,0.17818329832567367,0,3,5
2025-06-17,TTXinTTX,4,2,100.333,945.9359690858084,0.13993540245255454,0.4,3,5
2025-06-17,TTXinTTX,4,2,117.381,1174.154556293146,0.13189188651815714,1.48,3,5
2025-06-17,TTXinTTX,4,2,173.857,1031.5998149438865,0.22234453975699964,1.76,3,5
2025-06-17,TTXinTTX,4,2,158.667,989.7567423591067,0.21149674331223028,0.32,3,5
2025-06-17,TTXinTTX,4,2,136.476,1003.7597857764135,0.1793791805819419,1.2,3,5
2025-06-17,TTXinTTX,4,2,85.476,539.5778662748056,0.20899486078533241,1.32,3,5
2025-06-17,TTXinTTX,4,2,76.952,533.1523570990473,0.19042068408895274,1.84,3,5
2025-06-17,TTXinTTX,4,2,153.857,1153.4527004562447,0.17597987820551533,0,3,5
2025-06-17,TTXinTTX,4,2,166,1250.649481932908,0.175112852850628,0,3,5
2025-06-17,TTXinTTX,4,2,93.476,666.3179211853804,0.18508199352578394,0,3,5
2025-06-17,TTXinTTX,4,2,85.095,863.3464964263259,0.13003625533602767,0,3,5
2025-06-17,TTXinTTX,4,2,106.524,863.7305047815892,0.1627101894595105,1.8800000000000001,3,5
2025-06-17,TTXinTTX,4,2,149.333,916.5576001407941,0.2149520393419198,1.48,3,5
2025-06-17,TTXinTTX,4,2,293.048,1321.597620218866,0.29253986503538193,1.6400000000000001,3,5
2025-06-17,TTXinTTX,4,2,308.952,1443.6696095975904,0.2823376135527005,0.36,3,5
2025-06-17,TTXinTTX,4,2,222.81,1455.5854003931956,0.20194938297757375,0,3,5
2025-06-17,TTXinTTX,4,2,290.524,1783.3624781209787,0.2149254937048718,2.2800000000000002,3,5
2025-06-17,TTXinTTX,4,2,269.143,1124.239236000127,0.31584200921041544,2.7600000000000002,3,5
2025-06-17,TTXinTTX,4,2,210.667,799.9216930044468,0.34745181054079344,3.64,3,5
2025-06-17,TTXinTTX,4,2,189.095,957.9071124371272,0.2604367040432535,0.2,3,5
2025-06-17,TTXinTTX,4,2,224.095,1382.3862581748829,0.21386922791158788,2.52,3,5
2025-06-17,TTXinTTX,4,3,254.143,1351.140893652777,0.24815501511560636,0,3,6
2025-06-17,TTXinTTX,4,3,202,1305.562676735571,0.20412640467692655,0.68,3,6
2025-06-17,TTXinTTX,4,3,225.857,1884.4028026850076,0.15812675426268283,0.52,3,6
2025-06-17,TTXinTTX,4,3,153.714,1214.461595456872,0.166984123450605,0.84,3,6
2025-06-17,TTXinTTX,4,3,149.667,1163.1728398752084,0.16975686395429518,0.44,3,6
2025-06-17,TTXinTTX,4,3,162.143,1025.0105544574753,0.20869661728115557,1.72,3,6
2025-06-17,TTXinTTX,4,3,307,1218.4700430331347,0.332406159104569,3.48,3,6
2025-06-17,TTXinTTX,4,3,191.857,922.6521471605148,0.2743375118549004,0.56,3,6
2025-06-17,TTXinTTX,4,3,122,856.6465308284871,0.18789002020096335,0.88,3,6
2025-06-17,TTXinTTX,4,3,127.429,848.1902747649847,0.19820770332606147,0.84,3,6
2025-06-17,TTXinTTX,4,3,111.524,537.0512527421268,0.27396693221543916,0.56,3,6
2025-06-17,TTXinTTX,4,3,139.095,1087.7768931020107,0.16870083515648554,1.56,3,6
2025-06-17,TTXinTTX,4,3,84.762,647.4819077473264,0.17271064289411298,2.64,3,6
2025-06-17,TTXinTTX,5,1,68.095,310.2603002009038,0.2895573269230464,1,3,7
2025-06-17,TTXinTTX,5,1,108.81,561.8722612667182,0.25549167938008116,3.2800000000000002,3,7
2025-06-17,TTXinTTX,5,1,116.19,540.6756919631263,0.2835159196291255,3.2,3,7
2025-06-17,TTXinTTX,5,1,151.524,327.61217323888593,0.6101926031314959,4.36,3,7
2025-06-17,TTXinTTX,5,1,103.238,408.8293637879681,0.3331524752615711,1.12,3,7
2025-06-17,TTXinTTX,5,1,96.429,497.51453664541543,0.2557098345281159,0.84,3,7
2025-06-17,TTXinTTX,5,1,94.667,390.87207217186807,0.3195284379012449,0.52,3,7
2025-06-17,TTXinTTX,5,1,137.714,616.8408086250946,0.29454424250361466,0.32,3,7
2025-06-17,TTXinTTX,5,1,94.81,670.5454726280097,0.18653977769828942,2.2800000000000002,3,7
2025-06-17,TTXinTTX,5,1,89.19,554.9531918025132,0.21203392525251857,1.44,3,7
2025-06-17,TTXinTTX,5,1,116.19,600.9707696306965,0.25507091821160965,0.8,3,7
2025-06-17,TTXinTTX,5,1,97.952,639.0798510612937,0.20221051045354474,0.88,3,7
2025-06-17,TTXinTTX,5,1,82.619,549.9564704711131,0.1981970385095231,1.84,3,7
2025-06-17,TTXinTTX,5,1,90.81,798.7131622046988,0.14999900465509092,2.2800000000000002,3,7
2025-06-17,TTXinTTX,5,1,71.238,552.4277314480784,0.17013034761891116,0.52,3,7
2025-06-17,TTXinTTX,5,1,96.476,471.59454925425956,0.26989575563366314,0.6,3,7
2025-06-17,TTXinTTX,5,1,110.333,449.8490671065074,0.32358184407749774,0.8,3,7
2025-06-17,TTXinTTX,5,1,113.048,342.8779468334102,0.43497958355847977,3.44,3,7
2025-06-17,TTXinTTX,5,1,94.286,561.9276138224318,0.22136674544600024,1.72,3,7
2025-06-17,TTXinTTX,5,2,96.143,772.35496708081,0.16422764625920094,1.44,3,8
2025-06-17,TTXinTTX,5,2,67.333,568.8466832866368,0.1561630481501311,1.68,3,8
2025-06-17,TTXinTTX,5,2,103.905,622.4417953563685,0.2202334300830957,1.76,3,8
2025-06-17,TTXinTTX,5,2,164.429,881.1930829309986,0.24618006331183392,2.12,3,8
2025-06-17,TTXinTTX,5,2,75.095,334.5865952588045,0.2961065586432984,1.8,3,8
2025-06-17,TTXinTTX,5,2,94.429,589.8783481013319,0.21119735655567956,1.28,3,8
2025-06-17,TTXinTTX,5,2,94.81,542.5426875402175,0.23055034428300392,1.6400000000000001,3,8
2025-06-17,TTXinTTX,5,2,87.095,585.3198345026649,0.19631140226589167,1.56,3,8
2025-06-17,TTXinTTX,5,2,44.095,362.97669044868167,0.16027144529477821,0,3,8
2025-06-17,TTXinTTX,5,2,37.714,353.9161689853052,0.14058783253528842,1.08,3,8
2025-06-17,TTXinTTX,5,2,36.905,282.9126781436336,0.17209899835231776,1.24,3,8
2025-06-17,TTXinTTX,5,2,48.81,448.6958888624732,0.14351664067258646,0,3,8
2025-06-17,TTXinTTX,5,2,76.952,553.9095654916623,0.18328485891433194,0,3,8
2025-06-17,TTXinTTX,5,2,68.667,461.05219374729927,0.19649138957890722,0,3,8
2025-06-17,TTXinTTX,5,2,90.429,516.1844924163286,0.2311257418543478,0.32,3,8
